{"chars": {"0": 0.011518210640061931, "1": 0.021714887928610028, "2": 0.03177992977182123, "3": 0.03931876105117331, "4": 0.04652406173735139, "5": 0.05323576362010467, "6": 0.05953526887976019, "7": 0.06539533883200399, "8": 0.07117052671188666, "9": 0.0768732441343298, "10": 0.08252928324029205, "11": 0.08807087483823875, "12": 0.09346990003587086, "13": 0.09883970096373426, "14": 0.10413026270298593, "15": 0.1093470370844793, "16": 0.11433883303430939, "17": 0.11932480187081179, "18": 0.12430230297003121, "19": 0.12917439063388833, "20": 0.13397721479963146, "21": 0.1386863070499385, "22": 0.14333214714503753, "23": 0.14796449071769843, "24": 0.1525155685763866, "25": 0.15701047688365377, "26": 0.1614329079101637, "27": 0.1658315801443938, "28": 0.17011210663240742, "29": 0.17434319136026596, "30": 0.17856908354334422, "31": 0.18278271422449058, "32": 0.18698130631339546, "33": 0.1911738529428058, "34": 0.19532860521539877, "35": 0.19941621604168677, "36": 0.2034254883573013, "37": 0.20742084792809715, "38": 0.21141203162845207, "39": 0.21532665088073913, "40": 0.2191916032033866, "41": 0.22299655127005785, "42": 0.22679714606002763, "43": 0.23051945692586565, "44": 0.2342266336730142, "45": 0.23792893174799729, "46": 0.2416082420656022, "47": 0.24522487338668705, "48": 0.2487520168959539, "49": 0.2522212645544181, "50": 0.255688492510839, "51": 0.2591307130078384, "52": 0.26256954913925173, "53": 0.26600186900224826, "54": 0.2694247112769401, "55": 0.27278013234930076, "56": 0.2761154996909002, "57": 0.2794081735335637, "58": 0.2826814282140133, "59": 0.2859211121713105, "60": 0.28916060507571173, "61": 0.2923722451972047, "62": 0.2955798595612465, "63": 0.29873366524179634, "64": 0.3018767446668999, "65": 0.30498628748543954, "66": 0.30808996907406294, "67": 0.3111829312305578, "68": 0.3141479357099635, "69": 0.3171081979835581, "70": 0.32006281737340325, "71": 0.32300756342251635, "72": 0.32595067187537813, "73": 0.32888322465573644, "74": 0.33179466609108793, "75": 0.33463401235147416, "76": 0.33744747094445376, "77": 0.34025905312506205, "78": 0.34304045577142167, "79": 0.34582160595502587, "80": 0.3485610315508095, "81": 0.3512906520390382, "82": 0.35401529832865347, "83": 0.35667914203412004, "84": 0.3593342996561368, "85": 0.3619667970400256, "86": 0.3645975544778974, "87": 0.3672123180590477, "88": 0.36981454720555756, "89": 0.3723892920283158, "90": 0.37488343299891946, "91": 0.37737540415449017, "92": 0.37981742180107725, "93": 0.38224600433508565, "94": 0.3846569690627567, "95": 0.38701678620084423, "96": 0.38937285051418913, "97": 0.39171350095281826, "98": 0.3940524455620189, "99": 0.3963754440777221, "100": 0.39866781272020757, "110": 0.42086388101400307, "120": 0.44158086555027043, "130": 0.46106440576671054, "140": 0.4792300835765669, "150": 0.49625879877907086, "160": 0.512818820287806, "170": 0.5288302197590714, "180": 0.5437688981592609, "190": 0.5578922515024966, "200": 0.5714094213000278, "210": 0.5845095226256135, "220": 0.5970457313286857, "230": 0.6091566153453786, "240": 0.6208125819467668, "250": 0.6320289085412119, "260": 0.642828944521931, "270": 0.653116139943272, "280": 0.6629646642687851, "290": 0.6724999710179587, "300": 0.6815346509464619, "310": 0.6902593680211752, "320": 0.6985433806513819, "330": 0.7065979524001403, "340": 0.7144820640257697, "350": 0.7221818710166285, "360": 0.7296436602156727, "370": 0.736786609424581, "380": 0.7437114649293992, "390": 0.7503713573607507, "400": 0.7567956747480293, "410": 0.7629799546414497, "420": 0.7690286893284833, "430": 0.7749062201507569, "440": 0.7805934759352603, "450": 0.7861384860153816, "460": 0.7915467022219743, "470": 0.796776515963619, "480": 0.8019032771378303, "490": 0.8069320622929873, "500": 0.8118245516768089, "510": 0.8166006557303843, "520": 0.8211739912514551, "530": 0.8256103486694192, "540": 0.8299220850126562, "550": 0.8341372168236995, "560": 0.8382020923553647, "570": 0.8421331489800246, "580": 0.8459697231242999, "590": 0.8497144690587812, "600": 0.8533980644199105, "610": 0.8569721591783668, "620": 0.8604579056190633, "630": 0.8639018728853977, "640": 0.8672822604772735, "650": 0.870560427946477, "660": 0.8737686291158423, "670": 0.8768626557099006, "680": 0.8798682111664801, "690": 0.8827494116577235, "700": 0.8855725593618567, "710": 0.8883466542349446, "720": 0.8910618638761616, "730": 0.8937209244359106, "740": 0.8962922439531765, "750": 0.89881763571891, "760": 0.9012615638944571, "770": 0.9036216676118887, "780": 0.9059279489991928, "790": 0.908194730200251, "800": 0.9104130112589985, "810": 0.9125816595046953, "820": 0.9147090403248584, "830": 0.916776874051332, "840": 0.918783755080667, "850": 0.9207462981914971, "860": 0.9226689999501957, "870": 0.9245303737292817, "880": 0.926327840314659, "890": 0.9280759129031054, "900": 0.929793853720527, "910": 0.9314757810670544, "920": 0.9331243833298671, "930": 0.9347305650264525, "940": 0.9362955680006342, "950": 0.9378414042753578, "960": 0.9393587327286723, "970": 0.9408304609497048, "980": 0.9422685433910901, "990": 0.9436741741334279, "1000": 0.9450499528607674, "1100": 0.9572098555919166, "1200": 0.966747100163321, "1300": 0.9740184232716984, "1400": 0.9796343617394558, "1500": 0.9840059658723147, "1600": 0.9873378192052914, "1700": 0.9899572499357583, "1800": 0.9919223927306375, "1900": 0.9934363641116366, "2000": 0.9946472914830079, "2100": 0.9955835052598991, "2200": 0.9963205395694029, "2300": 0.9969034283084324, "2400": 0.9973782084016023, "2500": 0.9977806408570516, "2600": 0.9981076210652206, "2700": 0.9983701004510392, "2800": 0.9985800539370965, "2900": 0.9987521311865238, "3000": 0.9988975497336422, "3100": 0.9990234467687815, "3200": 0.999130122517921, "3300": 0.999222032607528, "3400": 0.9993010943898785, "3500": 0.9993711152762589, "3600": 0.9994333575804456, "3700": 0.9994882921113604, "3800": 0.9995365602608677, "3900": 0.9995794789292896, "4000": 0.9996178737380655, "4100": 0.9996522700826609, "4200": 0.9996833502948473, "4300": 0.9997110393181315, "4400": 0.9997359171345156, "4500": 0.9997582089134883, "4600": 0.9997784127572413, "4700": 0.9997969312415149, "4800": 0.999813832599492, "4900": 0.9998292055343, "5000": 0.9998432069822526, "5100": 0.9998559119998334, "5200": 0.9998675935197607, "5300": 0.9998781833088526, "5400": 0.9998878997132745, "5500": 0.9998967973195738, "5600": 0.9999048965977035, "5700": 0.9999123886005588, "5800": 0.9999192119182696, "5900": 0.9999255780736953, "6000": 0.9999314120103413, "6100": 0.9999368706645144, "6200": 0.9999417970999078, "6300": 0.9999465734223121, "6400": 0.9999508107026102, "6500": 0.9999549046932344, "6600": 0.9999586097547505, "6700": 0.9999620214136059, "6800": 0.9999654330724613, "6900": 0.9999682238094071, "7000": 0.9999709531364936, "7100": 0.9999736824635802, "7200": 0.9999763776740783, "7300": 0.999978424669396, "7400": 0.9999804716647137, "7500": 0.9999825186600314, "7600": 0.9999845656553491, "7700": 0.9999866126506668, "7800": 0.9999883048334589, "7900": 0.9999896694969966, "8000": 0.9999910341605344, "8100": 0.9999923988240721, "8200": 0.9999937634876098, "8300": 0.9999951281511475, "8400": 0.9999964928146853, "8500": 0.999997857478223, "8600": 0.9999992221417607}}
